2,2,2020-1-18 7:26:37
3,5,2020-1-29 2:13:50
4,8,2020-1-30 17:04:22
5,11,2020-1-18 0:10:39
6,14,2020-1-27 10:45:56
7,17,2020-1-24 10:16:36
8,20,2020-1-23 13:19:40
9,23,2020-1-16 19:47:34
10,26,2020-1-19 6:01:33
11,29,2020-1-24 2:56:10
12,32,2020-1-28 13:55:34
13,35,2020-1-21 7:27:22
14,38,2020-1-28 16:33:42
15,41,2020-1-15 6:01:47
16,44,2020-1-15 18:09:22
17,47,2020-1-25 21:12:18
18,50,2020-1-24 16:33:39
19,53,2020-1-30 5:02:51
20,56,2020-1-21 8:48:29
21,59,2020-1-18 23:59:12
22,62,2020-1-20 6:49:48
23,65,2020-1-22 18:24:52
24,68,2020-1-31 10:52:38
25,71,2020-1-25 21:30:13
26,74,2020-1-15 1:06:55
27,77,2020-1-23 7:49:36
28,80,2020-1-18 20:40:17
29,83,2020-1-24 5:20:45
30,86,2020-1-26 8:49:34
31,89,2020-1-21 11:45:34
32,92,2020-1-16 7:37:56
33,95,2020-1-30 13:29:32
34,98,2020-1-31 19:23:03
35,101,2020-1-28 4:43:36
36,104,2020-1-23 18:52:09
37,107,2020-1-26 6:28:41
38,110,2020-1-31 14:03:57
39,113,2020-1-28 6:02:44
40,116,2020-1-21 10:58:21
41,119,2020-1-27 11:38:40
42,122,2020-1-22 5:31:56
43,125,2020-1-18 6:53:14
44,128,2020-1-25 8:04:44
45,131,2020-1-17 6:01:02
46,134,2020-1-20 0:54:41
47,137,2020-1-20 8:30:29
48,140,2020-1-16 18:41:38
49,143,2020-1-26 1:52:40
50,146,2020-1-21 11:15:51
51,149,2020-1-21 16:44:44
52,152,2020-1-26 3:07:33
53,155,2020-1-26 12:02:16
54,158,2020-1-18 15:11:06
55,161,2020-1-20 8:09:41
56,164,2020-1-26 17:56:22
57,167,2020-1-31 19:35:41
58,170,2020-1-16 16:34:01
59,173,2020-1-25 16:16:06
60,176,2020-1-29 15:16:15
61,179,2020-1-27 18:12:34
62,182,2020-1-19 9:05:53
63,185,2020-1-29 7:27:12
64,188,2020-1-22 22:19:58
65,191,2020-1-21 16:26:55
66,194,2020-1-16 1:51:28
67,197,2020-1-22 6:43:02
68,200,2020-1-19 8:48:03
69,203,2020-1-29 18:22:42
70,206,2020-1-24 7:23:23
71,209,2020-1-28 23:26:30
72,212,2020-1-23 12:40:00
73,215,2020-1-19 20:13:18
74,218,2020-1-28 16:44:06
75,221,2020-1-29 4:26:11
76,224,2020-1-19 18:50:18
77,227,2020-1-19 18:11:13
78,230,2020-1-21 12:03:00
79,233,2020-1-15 17:43:19
80,236,2020-1-15 14:55:52
81,239,2020-1-29 23:29:04
82,242,2020-1-15 18:06:27
83,245,2020-1-16 16:17:19
84,248,2020-1-27 3:47:33
85,251,2020-1-17 10:41:20
86,254,2020-1-18 9:08:18
87,257,2020-1-25 0:45:39
88,260,2020-1-19 3:39:40
89,263,2020-1-22 3:37:18
90,266,2020-1-29 10:57:27
91,269,2020-1-28 0:16:17
92,272,2020-1-25 11:47:12
93,275,2020-1-24 22:20:39
94,278,2020-1-15 19:32:47
95,281,2020-1-30 13:41:17
96,284,2020-1-31 23:20:16
97,287,2020-1-17 13:42:59
98,290,2020-1-29 2:01:37
99,293,2020-1-25 11:10:42
100,296,2020-1-15 15:14:42
101,299,2020-1-29 22:11:43